motif_id	status	n_profiles	n_plots	error_hint
AC0001	FAILED	6	0	slurmstepd: error: *** JOB 28947672 ON compute-b-16-176 CANCELLED AT 2026-02-13T10:14:06 DUE TO TIME LIMIT *** 
AC0002	PARTIAL	4	4	some presets skipped (low n)
AC0003	FAILED	6	0	slurmstepd: error: *** JOB 28947674 ON compute-b-16-187 CANCELLED AT 2026-02-13T10:14:06 DUE TO TIME LIMIT *** 
AC0004	FAILED	6	0	slurmstepd: error: *** JOB 28947675 ON compute-b-16-186 CANCELLED AT 2026-02-13T10:14:06 DUE TO TIME LIMIT *** 
AC0005	FAILED	5	0	slurmstepd: error: *** JOB 28947676 ON compute-b-16-178 CANCELLED AT 2026-02-13T10:14:06 DUE TO TIME LIMIT *** 
AC0006	PARTIAL	4	4	some presets skipped (low n)
AC0007	OK	8	8	
AC0008	PARTIAL	4	4	some presets skipped (low n)
AC0009	PARTIAL	4	4	some presets skipped (low n)
AC0010	PARTIAL	4	4	some presets skipped (low n)
AC0011	OK	8	8	
AC0012	OK	8	8	
AC0013	OK	8	8	
AC0014	FAILED_EMPTY	0	0	slurmstepd: error: *** JOB 28947685 ON compute-b-16-197 CANCELLED AT 2026-02-13T10:14:06 DUE TO TIME LIMIT *** 
AC0015	FAILED_EMPTY	0	0	/var/spool/slurmd/job28947686/slurm_script: line 65: 1487885 Killed                  Rscript "${SCRIPT_DIR}/run_motif.R" --motif_id "${MOTIF_ID}" --config "${SCRIPT_DIR}/config.R" ${EXTRA_ARGS} slurms
AC0016	SKIPPED	0	0	all presets below MIN_INSTANCES
AC0017	PARTIAL	4	4	some presets skipped (low n)
AC0018	OK	8	8	
AC0019	OK	8	8	
AC0020	PARTIAL	4	4	some presets skipped (low n)
AC0021	OK	8	8	
AC0022	PARTIAL	4	4	some presets skipped (low n)
AC0023	OK	8	8	
AC0024	PARTIAL	4	4	some presets skipped (low n)
AC0025	OK	8	8	
AC0026	OK	8	8	
AC0027	OK	8	8	
AC0028	OK	8	8	
AC0029	OK	8	8	
AC0030	FAILED	7	0	slurmstepd: error: *** JOB 28947811 ON compute-b-16-188 CANCELLED AT 2026-02-13T11:37:26 DUE TO TIME LIMIT *** 
AC0031	FAILED	3	0	slurmstepd: error: *** JOB 28947812 ON compute-b-16-188 CANCELLED AT 2026-02-13T11:37:26 DUE TO TIME LIMIT *** 
AC0032	PARTIAL	4	4	some presets skipped (low n)
AC0033	OK	8	8	
AC0034	OK	8	8	
AC0035	SKIPPED	0	0	all presets below MIN_INSTANCES
AC0036	PARTIAL	4	4	some presets skipped (low n)
AC0037	PARTIAL	4	4	some presets skipped (low n)
AC0038	OK	8	8	
AC0039	PARTIAL	4	4	some presets skipped (low n)
AC0040	OK	8	8	
AC0041	OK	8	8	
AC0042	PARTIAL	4	4	some presets skipped (low n)
AC0043	OK	8	8	
AC0044	OK	8	8	
AC0045	OK	8	8	
AC0046	OK	8	8	
AC0047	OK	8	8	
AC0048	OK	8	8	
AC0049	OK	8	8	
AC0050	OK	8	8	
AC0051	OK	8	8	
AC0052	OK	8	8	
AC0053	FAILED_EMPTY	0	0	/var/spool/slurmd/job28947834/slurm_script: line 65: 2285095 Killed                  Rscript "${SCRIPT_DIR}/run_motif.R" --motif_id "${MOTIF_ID}" --config "${SCRIPT_DIR}/config.R" ${EXTRA_ARGS} slurms
AC0054	SKIPPED	0	0	all presets below MIN_INSTANCES
AC0055	OK	8	8	
AC0056	OK	8	8	
AC0057	OK	8	8	
AC0058	OK	8	8	
AC0059	OK	8	8	
AC0060	SKIPPED	0	0	all presets below MIN_INSTANCES
AC0061	OK	8	8	
AC0062	OK	8	8	
AC0063	OK	8	8	
AC0064	OK	8	8	
AC0065	PARTIAL	4	4	some presets skipped (low n)
AC0066	OK	8	8	
AC0067	OK	8	8	
AC0068	OK	8	8	
AC0069	OK	8	8	
AC0070	OK	8	8	
AC0071	OK	8	8	
AC0072	OK	8	8	
AC0073	OK	8	8	
AC0074	OK	8	8	
AC0075	OK	8	8	
AC0076	OK	8	8	
AC0077	OK	8	8	
AC0078	FAILED	4	0	slurmstepd: error: *** JOB 28947892 ON compute-b-16-189 CANCELLED AT 2026-02-13T11:38:56 DUE TO TIME LIMIT *** 
AC0079	OK	8	8	
AC0080	OK	8	8	
AC0081	OK	8	8	
AC0082	FAILED	3	0	slurmstepd: error: *** JOB 28947896 ON compute-b-16-179 CANCELLED AT 2026-02-13T11:38:56 DUE TO TIME LIMIT *** 
AC0083	FAILED	3	0	slurmstepd: error: *** JOB 28947897 ON compute-b-16-179 CANCELLED AT 2026-02-13T11:38:56 DUE TO TIME LIMIT *** 
AC0084	PARTIAL	4	4	some presets skipped (low n)
AC0085	OK	8	8	
AC0086	OK	8	8	
AC0087	FAILED	6	0	slurmstepd: error: *** JOB 28947901 ON compute-b-16-193 CANCELLED AT 2026-02-13T11:38:56 DUE TO TIME LIMIT *** 
AC0088	PARTIAL	4	4	some presets skipped (low n)
AC0089	OK	8	8	
AC0090	PARTIAL	4	4	some presets skipped (low n)
AC0091	PARTIAL	4	4	some presets skipped (low n)
AC0092	OK	8	8	
AC0093	OK	8	8	
AC0094	OK	8	8	
AC0095	PARTIAL	4	4	some presets skipped (low n)
AC0096	OK	8	8	
AC0097	PARTIAL	4	4	some presets skipped (low n)
AC0098	PARTIAL	4	4	some presets skipped (low n)
AC0099	OK	8	8	
AC0100	PARTIAL	4	4	some presets skipped (low n)
AC0101	PARTIAL	4	4	some presets skipped (low n)
AC0102	OK	8	8	
AC0103	OK	8	8	
AC0104	OK	8	8	
AC0105	OK	8	8	
AC0106	OK	8	8	
AC0107	FAILED	5	0	slurmstepd: error: *** JOB 28947921 ON compute-b-16-199 CANCELLED AT 2026-02-13T11:38:56 DUE TO TIME LIMIT *** 
AC0108	OK	8	8	
AC0109	OK	8	8	
AC0110	OK	8	8	
AC0111	OK	8	8	
AC0112	OK	8	8	
AC0113	OK	8	8	
AC0114	OK	8	8	
AC0115	OK	8	8	
AC0116	OK	8	8	
AC0117	OK	8	8	
AC0118	OK	8	8	
AC0119	OK	8	8	
AC0120	OK	8	8	
AC0121	OK	8	8	
AC0122	OK	8	8	
AC0123	OK	8	8	
AC0124	OK	8	8	
AC0125	OK	8	8	
AC0126	OK	8	8	
AC0127	OK	8	8	
AC0128	OK	8	8	
AC0129	OK	8	8	
AC0130	OK	8	8	
AC0131	OK	8	8	
AC0132	OK	8	8	
AC0133	OK	8	8	
AC0134	OK	8	8	
AC0135	FAILED	7	0	slurmstepd: error: *** JOB 28947979 ON compute-b-16-195 CANCELLED AT 2026-02-13T11:40:28 DUE TO TIME LIMIT *** 
AC0136	OK	8	8	
AC0137	OK	8	8	
AC0138	OK	8	8	
AC0139	OK	8	8	
AC0140	OK	8	8	
AC0141	OK	8	8	
AC0142	OK	8	8	
AC0143	OK	8	8	
AC0144	OK	8	8	
AC0145	OK	8	8	
AC0146	OK	8	8	
AC0147	OK	8	8	
AC0148	OK	8	8	
AC0149	OK	8	8	
AC0150	OK	8	8	
AC0151	OK	8	8	
AC0152	FAILED	6	0	slurmstepd: error: *** JOB 28947996 ON compute-b-16-193 CANCELLED AT 2026-02-13T11:40:28 DUE TO TIME LIMIT *** 
AC0153	FAILED	4	0	slurmstepd: error: *** JOB 28947997 ON compute-b-16-193 CANCELLED AT 2026-02-13T11:40:28 DUE TO TIME LIMIT *** 
AC0154	OK	8	8	
AC0155	OK	8	8	
AC0156	OK	8	8	
AC0157	OK	8	8	
AC0158	OK	8	8	
AC0159	OK	8	8	
AC0160	OK	8	8	
AC0161	OK	8	8	
AC0162	OK	8	8	
AC0163	OK	8	8	
AC0164	OK	8	8	
AC0165	OK	8	8	
AC0166	FAILED	1	0	slurmstepd: error: *** JOB 28948012 ON compute-b-16-188 CANCELLED AT 2026-02-13T11:40:28 DUE TO TIME LIMIT *** 
AC0167	OK	8	8	
AC0168	OK	8	8	
AC0169	OK	8	8	
AC0170	OK	8	8	
AC0171	FAILED	2	0	slurmstepd: error: *** JOB 28948048 ON compute-b-16-190 CANCELLED AT 2026-02-13T11:41:30 DUE TO TIME LIMIT *** 
AC0172	FAILED	2	0	slurmstepd: error: *** JOB 28948049 ON compute-b-16-179 CANCELLED AT 2026-02-13T11:41:30 DUE TO TIME LIMIT *** 
AC0173	OK	8	8	
AC0174	OK	8	8	
AC0175	FAILED_EMPTY	0	0	/var/spool/slurmd/job28948052/slurm_script: line 65: 1992480 Killed                  Rscript "${SCRIPT_DIR}/run_motif.R" --motif_id "${MOTIF_ID}" --config "${SCRIPT_DIR}/config.R" ${EXTRA_ARGS} slurms
AC0176	OK	8	8	
AC0177	OK	8	8	
AC0178	OK	8	8	
AC0179	OK	8	8	
AC0180	OK	8	8	
AC0181	OK	8	8	
AC0182	OK	8	8	
AC0183	OK	8	8	
AC0184	OK	8	8	
AC0185	OK	8	8	
AC0186	OK	8	8	
AC0187	OK	8	8	
AC0188	OK	8	8	
AC0189	OK	8	8	
AC0190	OK	8	8	
AC0191	OK	8	8	
AC0192	OK	8	8	
AC0193	OK	8	8	
AC0194	OK	8	8	
AC0195	OK	8	8	
AC0196	OK	8	8	
AC0197	OK	8	8	
AC0198	OK	8	8	
AC0199	OK	8	8	
AC0200	OK	8	8	
AC0201	OK	8	8	
AC0202	OK	8	8	
AC0203	OK	8	8	
AC0204	OK	8	8	
AC0205	OK	8	8	
AC0206	OK	8	8	
AC0207	OK	8	8	
AC0208	OK	8	8	
AC0209	OK	8	8	
AC0210	OK	8	8	
AC0211	OK	8	8	
AC0212	OK	8	8	
AC0213	OK	8	8	
AC0214	OK	8	8	
AC0215	OK	8	8	
AC0216	OK	8	8	
AC0217	OK	8	8	
AC0218	OK	8	8	
AC0219	OK	8	8	
AC0220	OK	8	8	
AC0221	OK	8	8	
AC0222	OK	8	8	
AC0223	OK	8	8	
AC0224	OK	8	8	
AC0225	OK	8	8	
AC0226	OK	8	8	
AC0227	OK	8	8	
AC0228	OK	8	8	
AC0229	PARTIAL	4	4	some presets skipped (low n)
AC0230	OK	8	8	
AC0231	OK	8	8	
AC0232	OK	8	8	
AC0233	OK	8	8	
AC0234	OK	8	8	
AC0235	OK	8	8	
AC0236	OK	8	8	
AC0237	OK	8	8	
AC0238	OK	8	8	
AC0239	OK	8	8	
AC0240	OK	8	8	
AC0241	OK	8	8	
AC0242	OK	8	8	
AC0243	OK	8	8	
AC0244	PARTIAL	4	4	some presets skipped (low n)
AC0245	SKIPPED	0	0	all presets below MIN_INSTANCES
AC0246	OK	8	8	
AC0247	PARTIAL	4	4	some presets skipped (low n)
AC0248	OK	8	8	
AC0249	OK	8	8	
AC0250	OK	8	8	
AC0251	OK	8	8	
AC0252	OK	8	8	
AC0253	FAILED	5	0	slurmstepd: error: *** JOB 28948155 ON compute-b-16-201 CANCELLED AT 2026-02-13T11:43:00 DUE TO TIME LIMIT *** 
AC0254	PARTIAL	4	4	some presets skipped (low n)
AC0255	OK	8	8	
AC0256	OK	8	8	
AC0257	OK	8	8	
AC0258	OK	8	8	
AC0259	OK	8	8	
AC0260	OK	8	8	
AC0261	OK	8	8	
AC0262	FAILED	5	0	slurmstepd: error: *** JOB 28948165 ON compute-a-16-165 CANCELLED AT 2026-02-13T11:43:00 DUE TO TIME LIMIT *** 
AC0263	OK	8	8	
AC0264	OK	8	8	
AC0265	FAILED_EMPTY	0	0	slurmstepd: error: *** JOB 28948168 ON compute-a-16-168 CANCELLED AT 2026-02-13T11:43:00 DUE TO TIME LIMIT *** 
AC0266	FAILED_EMPTY	0	0	slurmstepd: error: *** JOB 28948169 ON compute-a-16-167 CANCELLED AT 2026-02-13T11:43:00 DUE TO TIME LIMIT *** 
AC0267	OK	8	8	
AC0268	OK	8	8	
AC0269	OK	8	8	
AC0270	FAILED	4	0	slurmstepd: error: *** JOB 28948198 ON compute-b-16-187 CANCELLED AT 2026-02-13T11:44:00 DUE TO TIME LIMIT *** 
AC0271	OK	8	8	
AC0272	SKIPPED	0	0	all presets below MIN_INSTANCES
AC0273	OK	8	8	
AC0274	OK	8	8	
AC0275	OK	8	8	
AC0276	FAILED	5	0	slurmstepd: error: *** JOB 28948204 ON compute-a-16-133 CANCELLED AT 2026-02-13T11:44:00 DUE TO TIME LIMIT *** 
AC0277	OK	8	8	
AC0278	OK	8	8	
AC0279	OK	8	8	
AC0280	PARTIAL	4	4	some presets skipped (low n)
AC0281	PARTIAL	4	4	some presets skipped (low n)
AC0282	SKIPPED	0	0	all presets below MIN_INSTANCES
AC0283	SKIPPED	0	0	all presets below MIN_INSTANCES
AC0284	PARTIAL	4	4	some presets skipped (low n)
AC0285	OK	8	8	
AC0286	OK	8	8	
AC0287	OK	8	8	
AC0288	OK	8	8	
AC0289	OK	8	8	
AC0290	OK	8	8	
AC0291	OK	8	8	
AC0292	OK	8	8	
AC0293	OK	8	8	
AC0294	OK	8	8	
AC0295	OK	8	8	
AC0296	OK	8	8	
AC0297	OK	8	8	
AC0298	OK	8	8	
AC0299	OK	8	8	
AC0300	OK	8	8	
AC0301	OK	8	8	
AC0302	OK	8	8	
AC0303	OK	8	8	
AC0304	OK	8	8	
AC0305	OK	8	8	
AC0306	OK	8	8	
AC0307	OK	8	8	
AC0308	OK	8	8	
AC0309	PARTIAL	4	4	some presets skipped (low n)
AC0310	PARTIAL	4	4	some presets skipped (low n)
AC0311	PARTIAL	4	4	some presets skipped (low n)
AC0312	OK	8	8	
AC0313	PARTIAL	4	4	some presets skipped (low n)
AC0314	PARTIAL	4	4	some presets skipped (low n)
AC0315	OK	8	8	
AC0316	OK	8	8	
AC0317	OK	8	8	
AC0318	OK	8	8	
AC0319	OK	8	8	
AC0320	OK	8	8	
AC0321	OK	8	8	
AC0322	OK	8	8	
AC0323	OK	8	8	
AC0324	OK	8	8	
AC0325	SKIPPED	0	0	all presets below MIN_INSTANCES
AC0326	OK	8	8	
AC0327	PARTIAL	4	4	some presets skipped (low n)
AC0328	OK	8	8	
AC0329	FAILED	4	0	slurmstepd: error: *** JOB 28948292 ON compute-b-16-193 CANCELLED AT 2026-02-13T11:45:30 DUE TO TIME LIMIT *** 
AC0330	OK	8	8	
AC0331	PARTIAL	4	4	some presets skipped (low n)
AC0332	SKIPPED	0	0	all presets below MIN_INSTANCES
AC0333	OK	8	8	
AC0334	OK	8	8	
AC0335	OK	8	8	
AC0336	OK	8	8	
AC0337	OK	8	8	
AC0338	OK	8	8	
AC0339	OK	8	8	
AC0340	OK	8	8	
AC0341	OK	8	8	
AC0342	OK	8	8	
AC0343	OK	8	8	
AC0344	OK	8	8	
AC0345	OK	8	8	
AC0346	OK	8	8	
AC0347	OK	8	8	
AC0348	OK	8	8	
AC0349	OK	8	8	
AC0350	OK	8	8	
AC0351	OK	8	8	
AC0352	OK	8	8	
AC0353	OK	8	8	
AC0354	OK	8	8	
AC0355	OK	8	8	
AC0356	OK	8	8	
AC0357	OK	8	8	
AC0358	OK	8	8	
AC0359	OK	8	8	
AC0360	OK	8	8	
AC0361	OK	8	8	
AC0362	OK	8	8	
AC0363	OK	8	8	
AC0364	FAILED	7	0	slurmstepd: error: *** JOB 28948327 ON compute-a-16-124 CANCELLED AT 2026-02-13T11:45:30 DUE TO TIME LIMIT *** 
AC0365	OK	8	8	
AC0366	OK	8	8	
AC0367	OK	8	8	
AC0368	OK	8	8	
AC0369	OK	8	8	
AC0370	PARTIAL	4	4	some presets skipped (low n)
AC0371	FAILED	5	0	slurmstepd: error: *** JOB 28948369 ON compute-b-16-181 CANCELLED AT 2026-02-13T11:47:02 DUE TO TIME LIMIT *** 
AC0372	OK	8	8	
AC0373	FAILED	5	0	slurmstepd: error: *** JOB 28948371 ON compute-b-16-189 CANCELLED AT 2026-02-13T11:47:02 DUE TO TIME LIMIT *** 
AC0374	OK	8	8	
AC0375	OK	8	8	
AC0376	SKIPPED	0	0	all presets below MIN_INSTANCES
AC0377	OK	8	8	
AC0378	OK	8	8	
AC0379	OK	8	8	
AC0380	OK	8	8	
AC0381	OK	8	8	
AC0382	OK	8	8	
AC0383	OK	8	8	
AC0384	OK	8	8	
AC0385	OK	8	8	
AC0386	OK	8	8	
AC0387	OK	8	8	
AC0388	OK	8	8	
AC0389	OK	8	8	
AC0390	OK	8	8	
AC0391	FAILED	6	0	slurmstepd: error: *** JOB 28948389 ON compute-a-16-154 CANCELLED AT 2026-02-13T11:47:02 DUE TO TIME LIMIT *** 
AC0392	PARTIAL	4	4	some presets skipped (low n)
AC0393	OK	8	8	
AC0394	OK	8	8	
AC0395	OK	8	8	
AC0396	OK	8	8	
AC0397	OK	8	8	
AC0398	OK	8	8	
AC0399	OK	8	8	
AC0400	OK	8	8	
AC0401	OK	8	8	
AC0402	OK	8	8	
AC0403	OK	8	8	
AC0404	OK	8	8	
AC0405	FAILED	2	0	slurmstepd: error: *** JOB 28948403 ON compute-a-16-127 CANCELLED AT 2026-02-13T11:47:02 DUE TO TIME LIMIT *** 
AC0406	OK	8	8	
AC0407	OK	8	8	
AC0408	OK	8	8	
AC0409	OK	8	8	
AC0410	OK	8	8	
AC0411	OK	8	8	
AC0412	FAILED	4	0	slurmstepd: error: *** JOB 28948410 ON compute-a-16-127 CANCELLED AT 2026-02-13T11:47:02 DUE TO TIME LIMIT *** 
AC0413	OK	8	8	
AC0414	OK	8	8	
AC0415	OK	8	8	
AC0416	FAILED	6	0	slurmstepd: error: *** JOB 28948414 ON compute-a-16-127 CANCELLED AT 2026-02-13T11:47:02 DUE TO TIME LIMIT *** 
AC0417	OK	8	8	
AC0418	OK	8	8	
AC0419	OK	8	8	
AC0420	OK	8	8	
AC0421	OK	8	8	
AC0422	OK	8	8	
AC0423	OK	8	8	
AC0424	OK	8	8	
AC0425	OK	8	8	
AC0426	OK	8	8	
AC0427	OK	8	8	
AC0428	OK	8	8	
AC0429	OK	8	8	
AC0430	OK	8	8	
AC0431	OK	8	8	
AC0432	OK	8	8	
AC0433	OK	8	8	
AC0434	OK	8	8	
AC0435	OK	8	8	
AC0436	OK	8	8	
AC0437	OK	8	8	
AC0438	OK	8	8	
AC0439	OK	8	8	
AC0440	OK	8	8	
AC0441	OK	8	8	
AC0442	OK	8	8	
AC0443	OK	8	8	
AC0444	OK	8	8	
AC0445	OK	8	8	
AC0446	OK	8	8	
AC0447	OK	8	8	
AC0448	OK	8	8	
AC0449	OK	8	8	
AC0450	OK	8	8	
AC0451	OK	8	8	
AC0452	OK	8	8	
AC0454	OK	8	8	
AC0455	OK	8	8	
AC0456	OK	8	8	
AC0457	OK	8	8	
AC0458	OK	8	8	
AC0459	OK	8	8	
AC0460	PARTIAL	4	4	some presets skipped (low n)
AC0461	OK	8	8	
AC0462	OK	8	8	
AC0463	OK	8	8	
AC0464	OK	8	8	
AC0465	OK	8	8	
AC0466	OK	8	8	
AC0467	OK	8	8	
AC0468	OK	8	8	
AC0469	OK	8	8	
AC0470	OK	8	8	
AC0471	OK	8	8	
AC0472	OK	8	8	
AC0473	OK	8	8	
AC0474	OK	8	8	
AC0475	OK	8	8	
AC0476	PARTIAL	4	4	some presets skipped (low n)
AC0477	OK	8	8	
AC0478	OK	8	8	
AC0479	OK	8	8	
AC0480	OK	8	8	
AC0481	OK	8	8	
AC0482	OK	8	8	
AC0483	OK	8	8	
AC0484	OK	8	8	
AC0485	OK	8	8	
AC0486	OK	8	8	
AC0487	OK	8	8	
AC0488	OK	8	8	
AC0489	OK	8	8	
AC0490	OK	8	8	
AC0491	OK	8	8	
AC0492	OK	8	8	
AC0493	OK	8	8	
AC0494	OK	8	8	
AC0495	FAILED	6	0	slurmstepd: error: *** JOB 28948557 ON compute-a-16-159 CANCELLED AT 2026-02-13T11:49:03 DUE TO TIME LIMIT *** 
AC0496	OK	8	8	
AC0497	OK	8	8	
AC0498	OK	8	8	
AC0499	FAILED	3	0	slurmstepd: error: *** JOB 28948561 ON compute-a-16-160 CANCELLED AT 2026-02-13T11:49:03 DUE TO TIME LIMIT *** 
AC0500	OK	8	8	
AC0501	OK	8	8	
AC0502	FAILED	5	0	slurmstepd: error: *** JOB 28948564 ON compute-a-16-160 CANCELLED AT 2026-02-13T11:49:03 DUE TO TIME LIMIT *** 
AC0503	OK	8	8	
AC0504	FAILED	3	0	slurmstepd: error: *** JOB 28948566 ON compute-a-16-160 CANCELLED AT 2026-02-13T11:49:03 DUE TO TIME LIMIT *** 
AC0505	FAILED	7	0	slurmstepd: error: *** JOB 28948567 ON compute-a-16-160 CANCELLED AT 2026-02-13T11:49:03 DUE TO TIME LIMIT *** 
AC0506	OK	8	8	
AC0507	OK	8	8	
AC0508	OK	8	8	
AC0509	OK	8	8	
AC0510	OK	8	8	
AC0511	OK	8	8	
AC0512	OK	8	8	
AC0513	OK	8	8	
AC0514	OK	8	8	
AC0515	OK	8	8	
AC0516	OK	8	8	
AC0517	OK	8	8	
AC0518	OK	8	8	
AC0519	OK	8	8	
AC0520	FAILED	4	0	slurmstepd: error: *** JOB 28948605 ON compute-b-16-200 CANCELLED AT 2026-02-13T11:50:33 DUE TO TIME LIMIT *** 
AC0521	OK	8	8	
AC0522	OK	8	8	
AC0523	OK	8	8	
AC0524	FAILED	4	0	slurmstepd: error: *** JOB 28948609 ON compute-b-16-184 CANCELLED AT 2026-02-13T11:50:33 DUE TO TIME LIMIT *** 
AC0525	FAILED	4	0	slurmstepd: error: *** JOB 28948610 ON compute-b-16-187 CANCELLED AT 2026-02-13T11:50:33 DUE TO TIME LIMIT *** 
AC0526	OK	8	8	
AC0527	OK	8	8	
AC0528	OK	8	8	
AC0529	OK	8	8	
AC0530	OK	8	8	
AC0531	OK	8	8	
AC0532	OK	8	8	
AC0533	OK	8	8	
AC0534	OK	8	8	
AC0535	OK	8	8	
AC0536	OK	8	8	
AC0537	OK	8	8	
AC0538	FAILED	6	0	slurmstepd: error: *** JOB 28948623 ON compute-a-16-152 CANCELLED AT 2026-02-13T11:50:33 DUE TO TIME LIMIT *** 
AC0539	OK	8	8	
AC0540	OK	8	8	
AC0541	OK	8	8	
AC0542	OK	8	8	
AC0543	FAILED	3	0	slurmstepd: error: *** JOB 28948628 ON compute-a-17-59 CANCELLED AT 2026-02-13T11:50:33 DUE TO TIME LIMIT *** 
AC0544	OK	8	8	
AC0545	OK	8	8	
AC0546	FAILED	3	0	slurmstepd: error: *** JOB 28948631 ON compute-a-17-59 CANCELLED AT 2026-02-13T11:50:33 DUE TO TIME LIMIT *** 
AC0547	OK	8	8	
AC0548	PARTIAL	4	4	some presets skipped (low n)
AC0549	OK	8	8	
AC0550	OK	8	8	
AC0551	OK	8	8	
AC0552	OK	8	8	
AC0553	OK	8	8	
AC0554	OK	8	8	
AC0555	OK	8	8	
AC0556	OK	8	8	
AC0557	OK	8	8	
AC0558	FAILED	4	0	slurmstepd: error: *** JOB 28948643 ON compute-a-17-61 CANCELLED AT 2026-02-13T11:50:33 DUE TO TIME LIMIT *** 
AC0559	FAILED	6	0	slurmstepd: error: *** JOB 28948644 ON compute-a-17-61 CANCELLED AT 2026-02-13T11:50:33 DUE TO TIME LIMIT *** 
AC0560	OK	8	8	
AC0561	FAILED	5	0	slurmstepd: error: *** JOB 28948646 ON compute-a-17-61 CANCELLED AT 2026-02-13T11:50:33 DUE TO TIME LIMIT *** 
AC0562	FAILED	4	0	slurmstepd: error: *** JOB 28948647 ON compute-a-17-61 CANCELLED AT 2026-02-13T11:50:33 DUE TO TIME LIMIT *** 
AC0563	FAILED	1	0	slurmstepd: error: *** JOB 28948648 ON compute-a-17-61 CANCELLED AT 2026-02-13T11:50:33 DUE TO TIME LIMIT *** 
AC0564	FAILED	5	0	slurmstepd: error: *** JOB 28948649 ON compute-a-17-61 CANCELLED AT 2026-02-13T11:50:33 DUE TO TIME LIMIT *** 
AC0565	FAILED	5	0	slurmstepd: error: *** JOB 28948650 ON compute-a-17-61 CANCELLED AT 2026-02-13T11:50:33 DUE TO TIME LIMIT *** 
AC0566	FAILED	5	0	slurmstepd: error: *** JOB 28948651 ON compute-a-17-61 CANCELLED AT 2026-02-13T11:50:33 DUE TO TIME LIMIT *** 
AC0567	OK	8	8	
AC0568	OK	8	8	
AC0569	OK	8	8	
AC0570	OK	8	8	
AC0571	FAILED	2	0	slurmstepd: error: *** JOB 28948673 ON compute-b-16-204 CANCELLED AT 2026-02-13T11:51:33 DUE TO TIME LIMIT *** 
AC0572	FAILED	5	0	slurmstepd: error: *** JOB 28948674 ON compute-b-16-204 CANCELLED AT 2026-02-13T11:51:33 DUE TO TIME LIMIT *** 
AC0573	OK	8	8	
AC0574	OK	8	8	
AC0575	OK	8	8	
AC0576	OK	8	8	
AC0577	OK	8	8	
AC0578	OK	8	8	
AC0579	FAILED	3	0	slurmstepd: error: *** JOB 28948681 ON compute-b-16-197 CANCELLED AT 2026-02-13T11:51:33 DUE TO TIME LIMIT *** 
AC0580	FAILED	3	0	slurmstepd: error: *** JOB 28948682 ON compute-b-16-196 CANCELLED AT 2026-02-13T11:51:33 DUE TO TIME LIMIT *** 
AC0581	OK	8	8	
AC0582	OK	8	8	
AC0583	FAILED	2	0	slurmstepd: error: *** JOB 28948685 ON compute-a-16-133 CANCELLED AT 2026-02-13T11:51:33 DUE TO TIME LIMIT *** 
AC0584	OK	8	8	
AC0585	OK	8	8	
AC0586	OK	8	8	
AC0587	OK	8	8	
AC0588	OK	8	8	
AC0589	OK	8	8	
AC0590	OK	8	8	
AC0591	OK	8	8	
AC0592	OK	8	8	
AC0593	OK	8	8	
AC0594	OK	8	8	
AC0595	OK	8	8	
AC0596	OK	8	8	
AC0597	OK	8	8	
AC0598	OK	8	8	
AC0599	OK	8	8	
AC0600	OK	8	8	
AC0601	FAILED	4	0	slurmstepd: error: *** JOB 28948703 ON compute-a-16-171 CANCELLED AT 2026-02-13T11:51:33 DUE TO TIME LIMIT *** 
AC0602	FAILED	7	0	slurmstepd: error: *** JOB 28948704 ON compute-a-16-171 CANCELLED AT 2026-02-13T11:51:33 DUE TO TIME LIMIT *** 
AC0603	OK	8	8	
AC0604	OK	8	8	
AC0605	OK	8	8	
AC0606	FAILED	7	0	slurmstepd: error: *** JOB 28948708 ON compute-a-16-171 CANCELLED AT 2026-02-13T11:51:33 DUE TO TIME LIMIT *** 
AC0607	OK	8	8	
AC0608	OK	8	8	
AC0609	OK	8	8	
AC0610	OK	8	8	
AC0611	OK	8	8	
AC0612	OK	8	8	
AC0613	OK	8	8	
AC0614	OK	8	8	
AC0615	OK	8	8	
AC0616	OK	8	8	
AC0617	OK	8	8	
AC0618	FAILED	7	0	slurmstepd: error: *** JOB 28948890 ON compute-b-16-189 CANCELLED AT 2026-02-13T11:53:06 DUE TO TIME LIMIT *** 
AC0619	OK	8	8	
AC0620	OK	8	8	
AC0621	OK	8	8	
AC0622	OK	8	8	
AC0623	SKIPPED	0	0	all presets below MIN_INSTANCES
AC0624	OK	8	8	
AC0625	SKIPPED	0	0	all presets below MIN_INSTANCES
AC0626	PARTIAL	4	4	some presets skipped (low n)
AC0627	SKIPPED	0	0	all presets below MIN_INSTANCES
AC0628	OK	8	8	
AC0629	OK	8	8	
AC0630	OK	8	8	
AC0631	OK	8	8	
AC0632	OK	8	8	
AC0633	OK	8	8	
AC0634	OK	8	8	
AC0635	PARTIAL	4	4	some presets skipped (low n)
AC0636	OK	8	8	
AC0637	OK	8	8	
AC0638	OK	8	8	
AC0639	OK	8	8	
AC0640	OK	8	8	
AC0641	OK	8	8	
AC0642	OK	8	8	
AC0643	OK	8	8	
AC0644	OK	8	8	
AC0645	OK	8	8	
AC0646	OK	8	8	
AC0647	OK	8	8	
AC0648	OK	8	8	
AC0649	OK	8	8	
AC0650	PARTIAL	4	4	some presets skipped (low n)
AC0651	OK	8	8	
AC0652	OK	8	8	
AC0653	OK	8	8	
AC0654	OK	8	8	
AC0655	OK	8	8	
AC0656	OK	8	8	
AC0657	OK	8	8	
AC0658	OK	8	8	
AC0659	OK	8	8	
AC0660	PARTIAL	4	4	some presets skipped (low n)
AC0661	PARTIAL	4	4	some presets skipped (low n)
AC0662	OK	8	8	
AC0663	OK	8	8	
AC0664	OK	8	8	
AC0665	OK	8	8	
AC0666	OK	8	8	
AC0667	FAILED_EMPTY	0	0	/var/spool/slurmd/job28948939/slurm_script: line 65: 1061737 Killed                  Rscript "${SCRIPT_DIR}/run_motif.R" --motif_id "${MOTIF_ID}" --config "${SCRIPT_DIR}/config.R" ${EXTRA_ARGS} slurms
AC0668	OK	8	8	
AC0669	OK	8	8	
AC0670	OK	8	8	
AC0671	OK	8	8	
AC0672	OK	8	8	
AC0673	SKIPPED	0	0	all presets below MIN_INSTANCES
AC0674	OK	8	8	
AC0675	OK	8	8	
AC0676	OK	8	8	
AC0677	OK	8	8	
AC0678	OK	8	8	
AC0679	OK	8	8	
AC0680	OK	8	8	
AC0681	OK	8	8	
AC0682	OK	8	8	
AC0683	OK	8	8	
AC0684	OK	8	8	
AC0685	OK	8	8	
AC0686	OK	8	8	
AC0687	OK	8	8	
AC0688	OK	8	8	
AC0689	OK	8	8	
AC0690	FAILED	3	0	slurmstepd: error: *** JOB 28949021 ON compute-a-16-46 CANCELLED AT 2026-02-13T11:54:36 DUE TO TIME LIMIT *** 
AC0691	OK	8	8	
AC0692	OK	8	8	
AC0693	OK	8	8	
